{
      "latest": {
            "count": 1699,
            "total": 1271220.7323975563,
            "average": 748.2170290744887
      },
      "historical": {
            "count": 1684,
            "total": 5897062.192974329,
            "average": 3501.818404379055
      }
}