{
      "latest": {
            "count": 1719,
            "total": 1273632.5238142014,
            "average": 740.9147898860973
      },
      "historical": {
            "count": 1696,
            "total": 5920520.572057247,
            "average": 3490.872978807339
      }
}