{
      "latest": {
            "count": 1182,
            "total": 1172669.926831007,
            "average": 992.1065370820702
      },
      "historical": {
            "count": 1177,
            "total": 4747156.417731047,
            "average": 4033.2679844783743
      }
}