{
      "latest": {
            "count": 1718,
            "total": 1273623.8951702118,
            "average": 741.3410332771896
      },
      "historical": {
            "count": 1695,
            "total": 5920188.0643363,
            "average": 3492.73632114236
      }
}