{
      "latest": {
            "count": 1687,
            "total": 1254331.6426978111,
            "average": 743.5279446934269
      },
      "historical": {
            "count": 1673,
            "total": 5813904.628726721,
            "average": 3475.1372556645074
      }
}