{
      "latest": {
            "count": 784,
            "total": 1062224.7630047798,
            "average": 1354.8785242407905
      },
      "historical": {
            "count": 816,
            "total": 3688239.704072237,
            "average": 4519.901598127742
      }
}