{
      "latest": {
            "count": 1519,
            "total": 1214127.2379460335,
            "average": 799.2937708663815
      },
      "historical": {
            "count": 1504,
            "total": 5193122.786394119,
            "average": 3452.874193081196
      }
}