{
      "latest": {
            "count": 202,
            "total": 4788.016959905624,
            "average": 23.703054256958538
      },
      "historical": {
            "count": 195,
            "total": 34689.67751979828,
            "average": 177.89578215281168
      }
}