{
      "latest": {
            "count": 1177,
            "total": 1170927.0637750626,
            "average": 994.8403260620753
      },
      "historical": {
            "count": 1177,
            "total": 4747156.417731047,
            "average": 4033.2679844783743
      }
}