{
      "latest": {
            "count": 1689,
            "total": 1255356.938167572,
            "average": 743.254551905016
      },
      "historical": {
            "count": 1675,
            "total": 5818102.588788748,
            "average": 3473.494082858954
      }
}