{
      "latest": {
            "count": 779,
            "total": 1061848.1935508251,
            "average": 1363.091390950995
      },
      "historical": {
            "count": 811,
            "total": 3682965.615586281,
            "average": 4541.264630809224
      }
}