{
      "latest": {
            "count": 788,
            "total": 1062293.1546227932,
            "average": 1348.0877596735954
      },
      "historical": {
            "count": 818,
            "total": 3688874.7705163956,
            "average": 4509.626858821999
      }
}