{
      "latest": {
            "count": 1516,
            "total": 1212596.2143239975,
            "average": 799.8655767308691
      },
      "historical": {
            "count": 1501,
            "total": 5185085.039391279,
            "average": 3454.420412652418
      }
}