{
      "latest": {
            "count": 1,
            "total": 32.566046953201294,
            "average": 32.566046953201294
      },
      "historical": {
            "count": 0,
            "total": 0,
            "average": 0
      }
}