{
      "latest": {
            "count": 783,
            "total": 1062215.2685668468,
            "average": 1356.5967670074672
      },
      "historical": {
            "count": 815,
            "total": 3688009.7609632015,
            "average": 4525.165350875094
      }
}