{
      "latest": {
            "count": 1685,
            "total": 1254296.309117794,
            "average": 744.3895009601151
      },
      "historical": {
            "count": 1671,
            "total": 5813680.504250526,
            "average": 3479.1624801020507
      }
}