{
      "latest": {
            "count": 970,
            "total": 1131175.834886074,
            "average": 1166.1606545217257
      },
      "historical": {
            "count": 986,
            "total": 4313383.671988249,
            "average": 4374.628470576317
      }
}