{"latest": {"count": 201, "total": 4645.60446190834, "average": 23.11246000949423}, "historical": {"count": 195, "total": 34689.67751979828, "average": 177.89578215281168}}