{
      "latest": {
            "count": 1733,
            "total": 1278118.1788914204,
            "average": 737.5177027648127
      },
      "historical": {
            "count": 1706,
            "total": 5949223.940195322,
            "average": 3487.235603865957
      }
}