{
      "latest": {
            "count": 1299,
            "total": 1176596.047626257,
            "average": 905.7706294274495
      },
      "historical": {
            "count": 1293,
            "total": 4781357.765184641,
            "average": 3697.8791687429552
      }
}