{
      "latest": {
            "count": 1690,
            "total": 1255375.0261363983,
            "average": 742.8254592523067
      },
      "historical": {
            "count": 1675,
            "total": 5818102.588788748,
            "average": 3473.494082858954
      }
}